T1040,SC-8
T1040,IA-2
T1040,IA-5
T1040,SI-4
T1040,AC-16
T1040,AC-17
T1040,AC-18
T1040,AC-19
T1040,SC-4
T1040,SI-7
T1040,SI-12
T1046,SC-7
T1046,SC-46
T1046,AC-4
T1046,CM-6
T1046,CM-7
T1046,CM-2
T1046,CA-7
T1046,SI-4
T1046,SI-3
T1046,CM-8
T1046,RA-5
T1078,SA-3
T1078,SA-4
T1078,SA-8
T1078,SA-10
T1078,SA-11
T1078,SA-15
T1078,SA-16
T1078,SA-17
T1078,RA-5
T1078,CA-8
T1078,SC-28
T1078,IA-5
T1078,SR-6
T1078.001,SA-3
T1078.001,SA-4
T1078.001,SA-8
T1078.001,SA-10
T1078.001,SA-11
T1078.001,SA-15
T1078.001,SA-16
T1078.001,SA-17
T1078.001,SC-28
T1078.001,AC-2
T1078.001,AC-5
T1078.001,AC-6
T1078.001,CA-7
T1078.004,SA-3
T1078.004,SA-4
T1078.004,SA-8
T1078.004,SA-10
T1078.004,SA-11
T1078.004,SA-15
T1078.004,SA-16
T1078.004,SA-17
T1078.004,SC-28
T1078.004,AC-2
T1078.004,AC-5
T1078.004,AC-6
T1078.004,CA-7
T1078.001,SI-4
T1078.004,SI-4
T1078.004,IA-2
T1078.004,IA-12
T1078.004,AC-3
T1078.004,CM-5
T1078.004,CM-6
T1078.004,AC-20
T1078.004,IA-5
T1087.004,AC-2
T1087.004,AC-3
T1087.004,AC-5
T1087.004,AC-6
T1087.004,IA-2
T1087.004,IA-8
T1098.001,IA-5
T1098.001,IA-2
T1098.001,SI-4
T1098.001,SI-7
T1098.001,SC-7
T1098.001,SC-46
T1098.001,AC-4
T1098.001,CM-7
T1098.001,AC-2
T1098.001,AC-3
T1098.001,AC-5
T1098.001,AC-6
T1098.001,AC-20
T1098.001,CM-5
T1098.001,CM-6
T1098.004,CM-2
T1098.004,CM-6
T1098.004,CM-8
T1098.004,SC-12
T1098.004,AC-3
T1098.004,RA-5
T1098.004,SI-3
T1098.004,SI-4
T1110.001,IA-2
T1110.001,IA-4
T1110.001,IA-5
T1110.001,IA-11
T1110.001,AC-2
T1110.001,AC-3
T1110.001,AC-5
T1110.001,AC-6
T1110.001,AC-7
T1110.001,AC-20
T1110.001,CA-7
T1110.001,SI-4
T1110.001,CM-2
T1110.001,CM-6
T1110.002,IA-2
T1110.002,IA-4
T1110.002,IA-5
T1110.002,IA-11
T1110.002,AC-2
T1110.002,AC-3
T1110.002,AC-5
T1110.002,AC-6
T1110.002,AC-7
T1110.002,AC-20
T1110.002,CA-7
T1110.002,SI-4
T1110.002,CM-2
T1110.002,CM-6
T1110.003,IA-2
T1110.003,IA-4
T1110.003,IA-5
T1110.003,IA-11
T1110.003,AC-2
T1110.003,AC-3
T1110.003,AC-5
T1110.003,AC-6
T1110.003,AC-7
T1110.003,AC-20
T1110.003,CA-7
T1110.003,SI-4
T1110.003,CM-2
T1110.003,CM-6
T1110.004,IA-2
T1110.004,IA-4
T1110.004,IA-5
T1110.004,IA-11
T1110.004,AC-2
T1110.004,AC-3
T1110.004,AC-5
T1110.004,AC-6
T1110.004,AC-7
T1110.004,AC-20
T1110.004,CA-7
T1110.004,SI-4
T1110.004,CM-2
T1110.004,CM-6
T1119,SI-23
T1119,SI-4
T1119,SI-7
T1119,SI-12
T1119,CP-6
T1119,CP-7
T1119,CP-9
T1119,SC-36
T1119,CM-2
T1119,CM-6
T1119,CM-8
T1119,AC-16
T1119,AC-17
T1119,AC-18
T1119,AC-19
T1119,AC-20
T1119,SC-4
T1136.003,AC-2
T1136.003,AC-3
T1136.003,AC-5
T1136.003,AC-6
T1136.003,AC-20
T1136.003,IA-2
T1136.003,IA-5
T1136.003,SI-4
T1136.003,SI-7
T1136.003,CM-5
T1136.003,CM-6
T1136.003,SC-7
T1136.003,SC-46
T1136.003,AC-4
T1136.003,CM-7
T1189,CM-2
T1189,CM-6
T1189,AC-4
T1189,AC-6
T1189,SC-2
T1189,SC-3
T1189,SC-7
T1189,SC-18
T1189,SC-29
T1189,SC-30
T1189,SC-39
T1189,CM-8
T1189,SI-3
T1189,SI-4
T1189,CA-7
T1189,SI-7
T1189,SI-2
T1189,SA-22
T1190,RA-5
T1190,RA-10
T1190,CA-2
T1190,CA-7
T1190,AC-2
T1190,AC-3
T1190,AC-4
T1190,AC-5
T1190,AC-6
T1190,CM-5
T1190,CM-6
T1190,CM-7
T1190,IA-2
T1190,IA-8
T1190,SC-46
T1190,SC-2
T1190,SC-3
T1190,SC-7
T1190,SC-18
T1190,SC-29
T1190,SC-30
T1190,SC-39
T1190,CM-8
T1190,SI-3
T1190,SI-10
T1190,SA-8
T1190,SI-4
T1190,SI-7
T1190,SI-2
T1199,SC-7
T1199,SC-46
T1199,AC-4
T1199,CM-6
T1199,CM-7
T1199,AC-3
T1199,AC-6
T1199,AC-8
T1201,CA-7
T1201,CM-2
T1201,CM-6
T1201,SI-3
T1201,SI-4
T1204.003,SI-3
T1204.003,SI-4
T1204.003,SI-8
T1204.003,CA-7
T1204.003,SC-7
T1204.003,SC-44
T1204.003,AC-4
T1204.003,CM-2
T1204.003,CM-6
T1204.003,CM-7
T1204.003,SI-2
T1204.003,SI-7
T1204.003,SR-4
T1204.003,SR-5
T1204.003,SR-6
T1204.003,SR-11
T1204.003,CA-8
T1204.003,RA-5
T1485,AC-3
T1485,AC-6
T1485,CM-2
T1485,CP-2
T1485,CP-7
T1485,CP-9
T1485,CP-10
T1485,SI-3
T1485,SI-4
T1485,SI-7
T1486,AC-3
T1486,AC-6
T1486,CM-2
T1486,CP-2
T1486,CP-6
T1486,CP-7
T1486,CP-9
T1486,CP-10
T1486,SI-3
T1486,SI-4
T1486,SI-7
T1491.002,AC-3
T1491.002,AC-6
T1491.002,CM-2
T1491.002,CP-2
T1491.002,CP-7
T1491.002,CP-9
T1491.002,CP-10
T1491.002,SI-3
T1491.002,SI-4
T1491.002,SI-7
T1498.001,AC-3
T1498.001,AC-4
T1498.001,CA-7
T1498.001,CM-6
T1498.001,CM-7
T1498.001,SC-7
T1498.001,SI-10
T1498.001,SI-15
T1498.002,AC-3
T1498.002,AC-4
T1498.002,CA-7
T1498.002,CM-6
T1498.002,CM-7
T1498.002,SC-7
T1498.002,SI-10
T1498.002,SI-15
T1499.002,AC-3
T1499.002,AC-4
T1499.002,CA-7
T1499.002,CM-6
T1499.002,CM-7
T1499.002,SC-7
T1499.002,SI-4
T1499.002,SI-10
T1499.002,SI-15
T1499.003,AC-3
T1499.003,AC-4
T1499.003,CA-7
T1499.003,CM-6
T1499.003,CM-7
T1499.003,SC-7
T1499.003,SI-4
T1499.003,SI-10
T1499.003,SI-15
T1499.004,AC-3
T1499.004,AC-4
T1499.004,CA-7
T1499.004,CM-6
T1499.004,CM-7
T1499.004,SC-7
T1499.004,SI-4
T1499.004,SI-10
T1499.004,SI-15
T1525,SI-4
T1525,AC-2
T1525,AC-3
T1525,AC-5
T1525,AC-6
T1525,CM-5
T1525,CM-6
T1525,IA-2
T1525,SI-7
T1525,IA-9
T1525,CA-8
T1525,RA-5
T1525,CM-2
T1525,CM-7
T1525,SI-2
T1525,SI-3
T1528,AC-2
T1528,AC-3
T1528,AC-4
T1528,AC-5
T1528,AC-6
T1528,AC-10
T1528,CM-2
T1528,CM-6
T1528,CM-5
T1528,CA-7
T1528,SI-4
T1528,IA-2
T1528,IA-4
T1528,IA-8
T1528,IA-5
T1528,CA-8
T1528,RA-5
T1528,SA-15
T1528,SA-11
T1530,AC-2
T1530,AC-3
T1530,AC-5
T1530,AC-6
T1530,AC-16
T1530,AC-20
T1530,AC-4
T1530,AC-7
T1530,AC-17
T1530,AC-18
T1530,AC-19
T1530,CM-5
T1530,CM-2
T1530,CM-6
T1530,CM-7
T1530,CM-8
T1530,IA-8
T1530,IA-2
T1530,IA-5
T1530,IA-3
T1530,IA-4
T1530,CA-7
T1530,CA-8
T1530,SC-28
T1530,SC-4
T1530,SC-7
T1530,SI-4
T1530,SI-10
T1530,SI-15
T1530,SI-7
T1530,SI-12
T1530,RA-5
T1530,IA-6
T1537,AC-2
T1537,AC-3
T1537,AC-4
T1537,AC-6
T1537,AC-16
T1537,AC-17
T1537,AC-20
T1537,AC-5
T1537,CM-5
T1537,CM-6
T1537,CM-7
T1537,IA-8
T1537,IA-2
T1537,IA-3
T1537,IA-4
T1537,CA-7
T1537,SI-4
T1537,SI-10
T1537,SI-15
T1537,SC-7
T1538,AC-2
T1538,AC-3
T1538,AC-5
T1538,AC-6
T1538,IA-2
T1538,IA-8
T1550.001,SC-8
T1550.001,SC-28
T1550.001,CM-2
T1550.001,CM-6
T1550.001,CM-10
T1550.001,CM-11
T1550.001,AC-16
T1550.001,AC-17
T1550.001,AC-19
T1550.001,AC-20
T1550.001,SI-4
T1550.001,SI-7
T1550.001,SI-12
T1550.001,CA-8
T1550.001,IA-2
T1550.001,IA-4
T1552.001,CM-2
T1552.001,CM-6
T1552.001,IA-2
T1552.001,AC-6
T1552.001,AC-2
T1552.001,AC-4
T1552.001,AC-5
T1552.001,CA-7
T1552.001,SC-4
T1552.001,SC-7
T1552.001,SC-12
T1552.001,SC-28
T1552.001,SI-4
T1552.001,SA-15
T1552.001,IA-5
T1552.001,CA-8
T1552.001,RA-5
T1552.001,SA-11
T1552.005,CA-7
T1552.005,CM-6
T1552.005,CM-7
T1552.005,IA-3
T1552.005,IA-4
T1552.005,SC-7
T1552.005,SI-4
T1552.005,SI-10
T1552.005,SI-15
T1552.005,AC-3
T1552.005,AC-4
T1552.005,AC-16
T1552.005,AC-20
T1562.001,CA-8
T1562.001,RA-5
T1562.001,CM-2
T1562.001,IA-2
T1562.001,IA-4
T1562.001,SI-4
T1562.007,CA-8
T1562.007,RA-5
T1562.007,CM-2
T1562.007,IA-2
T1562.007,IA-4
T1562.007,SI-4
T1562.008,CA-8
T1562.008,RA-5
T1562.008,CM-2
T1562.008,IA-2
T1562.008,IA-4
T1562.008,SI-4
T1562.001,CM-6
T1562.001,AC-2
T1562.001,AC-3
T1562.001,AC-5
T1562.001,AC-6
T1562.001,CA-7
T1562.001,SI-3
T1562.001,SI-7
T1562.001,CM-5
T1562.001,CM-7
T1562.007,AC-2
T1562.007,AC-3
T1562.007,AC-5
T1562.007,AC-6
T1562.007,CM-5
T1562.007,CM-7
T1562.008,AC-2
T1562.008,AC-3
T1562.008,AC-5
T1562.008,AC-6
T1562.008,CM-5
T1562.008,CM-7
T1566,SI-2
T1566,SI-3
T1566,SI-4
T1566,SI-8
T1566,CA-7
T1566,SC-7
T1566,SC-44
T1566,AC-4
T1566,CM-2
T1566,CM-6
T1566,IA-9
T1566,SC-20
T1580,AC-2
T1580,AC-3
T1580,AC-5
T1580,AC-6
T1580,IA-2
