T1040,8.2.1
T1040,10.6
T1040,8.6
T1040,8.5
T1040,8.3
T1040,8.2.2
T1040,8.2
T1040,8.1
T1040,7.1.4
T1040,2.1
T1040,12.3
T1040,9.3
T1040,8.7
T1040,7.2
T1040,7.1
T1040,6.4.2
T1040,8.5.1
T1040,8.1.5
T1040,2.3
T1040,12.3.9
T1040,12.3.8
T1040,12.3.10
T1040,2
T1040,1
T1040,11.5.1
T1040,6.1
T1040,12.2
T1040,12.10.6
T1040,12.10.5
T1040,12.10.1
T1040,12.1
T1040,11.5
T1040,11.4
T1040,11.3
T1040,11.2
T1040,11.1
T1040,10.9
T1040,10.6.2
T1040,10.6.1
T1040,10.1
T1040,1.1.3
T1040,1.1.2
T1040,1.1.1
T1040,5
T1040,12.5.2
T1040,10.6.3
T1040,9.9.2
T1040,6.7
T1040,6.6
T1040,6.5
T1040,6.4
T1040,6.3
T1046,6.2
T1046,2.2
T1046,11.4
T1046,11.3
T1046,10.8
T1046,10.6.2
T1046,10.6.1
T1046,10.6
T1046,1.3
T1046,1.2
T1046,1.1
T1046,2
T1046,1
T1046,1.1.3
T1046,1.1.2
T1046,1.1.1
T1046,9.3
T1046,7.2
T1046,7.1
T1046,6.4.2
T1046,6.4.1
T1046,11.5.1
T1046,9.9.3
T1046,9.1.1
T1046,8.1.5
T1046,6.1
T1046,12.5.2
T1046,12.2
T1046,12.11
T1046,12.10.6
T1046,12.10.5
T1046,12.10.1
T1046,12.1
T1046,11.5
T1046,11.2
T1046,11.1
T1046,10.9
T1046,10.6.3
T1046,10.1
T1046,12.10.5 
T1046,5
T1046,9.9
T1046,9.8
T1046,9.7
T1046,9.6
T1046,9.5
T1046,2.4
T1046,6.5
T1078,6.7
T1078,6.6
T1078,6.5
T1078,6.4
T1078,6.3
T1078,8.1.5
T1078,10.6
T1078,9.9.2
T1078,2.2
T1078,1.2
T1078,6.1
T1078,12.9
T1078,12.8
T1078,12.2
T1078,11.3
T1078,11.2
T1078,12.8.2
T1078,11.5.1
T1078,6.2
T1078,12.5.2
T1078,12.10.6
T1078,12.1
T1078,10.6.3
T1078,8.2.1
T1078,8.6
T1078,8.5
T1078,8.3
T1078,8.2.2
T1078,8.2
T1078,8.1
T1078,7.1.4
T1078,2.1
T1078,12.3
T1078.001,6.7
T1078.001,6.6
T1078.001,6.5
T1078.001,6.4
T1078.001,6.3
T1078.001,8.1.5
T1078.001,10.6
T1078.001,9.9.2
T1078.001,2.2
T1078.001,1.2
T1078.001,6.1
T1078.001,12.9
T1078.001,12.8
T1078.001,12.2
T1078.001,11.3
T1078.001,11.2
T1078.001,12.8.2
T1078.001,8.2.1
T1078.001,9.3
T1078.001,9.1.1
T1078.001,8.7
T1078.001,8.6
T1078.001,8.5
T1078.001,8.2.2
T1078.001,8.2
T1078.001,8.1
T1078.001,7.2
T1078.001,7.1.4
T1078.001,7.1
T1078.001,6.4.2
T1078.001,2.1
T1078.001,12.3
T1078.001,11.4
T1078.001,10.6.2
T1078.001,10.6.1
T1078.001,11.5.1
T1078.001,9.9.3
T1078.001,6.2
T1078.001,12.5.2
T1078.001,12.11
T1078.001,12.10.6
T1078.001,12.10.5
T1078.001,12.10.1
T1078.001,12.1
T1078.001,11.5
T1078.001,11.1
T1078.001,10.9
T1078.001,10.8
T1078.001,10.6.3
T1078.001,10.1
T1078.001,12.10.5 
T1078.004,6.7
T1078.004,6.6
T1078.004,6.5
T1078.004,6.4
T1078.004,6.3
T1078.004,8.1.5
T1078.004,10.6
T1078.004,9.9.2
T1078.004,2.2
T1078.004,1.2
T1078.004,6.1
T1078.004,12.9
T1078.004,12.8
T1078.004,12.2
T1078.004,11.3
T1078.004,11.2
T1078.004,12.8.2
T1078.004,8.2.1
T1078.004,9.3
T1078.004,9.1.1
T1078.004,8.7
T1078.004,8.6
T1078.004,8.5
T1078.004,8.2.2
T1078.004,8.2
T1078.004,8.1
T1078.004,7.2
T1078.004,7.1.4
T1078.004,7.1
T1078.004,6.4.2
T1078.004,2.1
T1078.004,12.3
T1078.004,11.4
T1078.004,10.6.2
T1078.004,10.6.1
T1078.004,11.5.1
T1078.004,9.9.3
T1078.004,6.2
T1078.004,12.5.2
T1078.004,12.11
T1078.004,12.10.6
T1078.004,12.10.5
T1078.004,12.10.1
T1078.004,12.1
T1078.004,11.5
T1078.004,11.1
T1078.004,10.9
T1078.004,10.8
T1078.004,10.6.3
T1078.004,10.1
T1078.004,12.10.5 
T1078.001,1.1.3
T1078.001,1.1.2
T1078.001,1.1.1
T1078.001,5
T1078.004,1.1.3
T1078.004,1.1.2
T1078.004,1.1.1
T1078.004,5
T1078.004,8.3
T1078.004,8.5.1
T1078.004,2.4
T1078.004,2.3
T1078.004,12.3.9
T1078.004,12.3.8
T1078.004,12.3.10
T1087.004,9.3
T1087.004,9.1.1
T1087.004,8.7
T1087.004,8.6
T1087.004,8.5
T1087.004,8.2.2
T1087.004,8.2
T1087.004,8.1
T1087.004,7.2
T1087.004,7.1.4
T1087.004,7.1
T1087.004,6.4.2
T1087.004,2.1
T1087.004,12.3
T1087.004,11.4
T1087.004,10.6.2
T1087.004,10.6.1
T1087.004,2.2
T1087.004,10.6
T1087.004,8.3
T1098,2.2
T1098,1.2
T1098,9.3
T1098,7.2
T1098,7.1
T1098,11.5.1
T1098,8.1.5
T1098,6.1
T1098,12.2
T1098,12.10.6
T1098,12.10.5
T1098,12.10.1
T1098,12.1
T1098,11.5
T1098,11.4
T1098,11.3
T1098,11.2
T1098,11.1
T1098,10.9
T1098,10.6.2
T1098,10.6.1
T1098,10.6
T1098,10.1
T1098,1.1.3
T1098,1.1.2
T1098,1.1.1
T1098,5
T1098,12.5.2
T1098,10.6.3
T1098.001,8.6
T1098.001,8.5
T1098.001,8.3
T1098.001,8.2.2
T1098.001,8.2
T1098.001,8.1
T1098.001,7.1.4
T1098.001,2.1
T1098.001,12.3
T1098.001,11.5.1
T1098.001,8.1.5
T1098.001,6.1
T1098.001,12.2
T1098.001,12.10.6
T1098.001,12.10.5
T1098.001,12.10.1
T1098.001,12.1
T1098.001,11.5
T1098.001,11.4
T1098.001,11.3
T1098.001,11.2
T1098.001,11.1
T1098.001,10.9
T1098.001,10.6.2
T1098.001,10.6.1
T1098.001,10.6
T1098.001,10.1
T1098.001,1.1.3
T1098.001,1.1.2
T1098.001,1.1.1
T1098.001,5
T1098.001,12.5.2
T1098.001,10.6.3
T1098.001,9.9.2
T1098.001,6.2
T1098.001,2.2
T1098.001,10.8
T1098.001,1.3
T1098.001,1.2
T1098.001,1.1
T1098.001,2
T1098.001,1
T1098.001,9.3
T1098.001,7.2
T1098.001,7.1
T1098.001,9.1.1
T1098.001,8.7
T1098.001,6.4.2
T1098.001,8.5.1
T1098.001,2.4
T1098.001,2.3
T1098.001,12.3.9
T1098.001,12.3.8
T1098.001,12.3.10
T1098.004,6.4.2
T1098.004,6.4.1
T1098.004,2.2
T1098.004,1.2
T1098.004,1.1.3
T1098.004,1.1.2
T1098.004,1.1.1
T1098.004,9.9
T1098.004,9.8
T1098.004,9.7
T1098.004,9.6
T1098.004,9.5
T1098.004,2.4
T1098.004,12.10.5
T1098.004,11.5
T1098.004,11.4
T1098.004,11.1
T1098.004,10.6.1
T1098.004,10.1
T1098.004,8.2.1
T1098.004,9.3
T1098.004,8.7
T1098.004,8.2.2
T1098.004,8.1
T1098.004,7.2
T1098.004,7.1.4
T1098.004,7.1
T1098.004,11.5.1
T1098.004,6.5
T1098.004,6.2
T1098.004,6.1
T1098.004,12.5.2
T1098.004,12.2
T1098.004,12.10.6
T1098.004,12.1
T1098.004,11.3
T1098.004,11.2
T1098.004,10.6.3
T1098.004,10.9
T1098.004,5
T1098.004,8.1.5
T1098.004,12.10.1
T1098.004,10.6.2
T1098.004,10.6
T1110.001,8.6
T1110.001,8.5
T1110.001,8.3
T1110.001,8.2.2
T1110.001,8.2
T1110.001,8.1
T1110.001,7.1.4
T1110.001,2.1
T1110.001,12.3
T1110.001,9.3
T1110.001,9.1.1
T1110.001,8.7
T1110.001,7.2
T1110.001,7.1
T1110.001,6.4.2
T1110.001,11.4
T1110.001,10.6.2
T1110.001,10.6.1
T1110.001,2.2
T1110.001,10.6
T1110.001,8.5.1
T1110.001,8.1.5
T1110.001,2.4
T1110.001,2.3
T1110.001,12.3.9
T1110.001,12.3.8
T1110.001,12.3.10
T1110.001,1.1.3
T1110.001,1.1.2
T1110.001,1.1.1
T1110.001,11.5.1
T1110.001,9.9.3
T1110.001,6.2
T1110.001,6.1
T1110.001,12.5.2
T1110.001,12.2
T1110.001,12.11
T1110.001,12.10.6
T1110.001,12.10.5
T1110.001,12.10.1
T1110.001,12.1
T1110.001,11.5
T1110.001,11.3
T1110.001,11.2
T1110.001,11.1
T1110.001,10.9
T1110.001,10.8
T1110.001,10.6.3
T1110.001,10.1
T1110.001,12.10.5 
T1110.001,5
T1110.001,6.4.1
T1110.001,1.2
T1110.002,8.6
T1110.002,8.5
T1110.002,8.3
T1110.002,8.2.2
T1110.002,8.2
T1110.002,8.1
T1110.002,7.1.4
T1110.002,2.1
T1110.002,12.3
T1110.002,9.3
T1110.002,9.1.1
T1110.002,8.7
T1110.002,7.2
T1110.002,7.1
T1110.002,6.4.2
T1110.002,11.4
T1110.002,10.6.2
T1110.002,10.6.1
T1110.002,2.2
T1110.002,10.6
T1110.002,8.5.1
T1110.002,8.1.5
T1110.002,2.4
T1110.002,2.3
T1110.002,12.3.9
T1110.002,12.3.8
T1110.002,12.3.10
T1110.002,1.1.3
T1110.002,1.1.2
T1110.002,1.1.1
T1110.002,11.5.1
T1110.002,9.9.3
T1110.002,6.2
T1110.002,6.1
T1110.002,12.5.2
T1110.002,12.2
T1110.002,12.11
T1110.002,12.10.6
T1110.002,12.10.5
T1110.002,12.10.1
T1110.002,12.1
T1110.002,11.5
T1110.002,11.3
T1110.002,11.2
T1110.002,11.1
T1110.002,10.9
T1110.002,10.8
T1110.002,10.6.3
T1110.002,10.1
T1110.002,12.10.5 
T1110.002,5
T1110.002,6.4.1
T1110.002,1.2
T1110.003,8.6
T1110.003,8.5
T1110.003,8.3
T1110.003,8.2.2
T1110.003,8.2
T1110.003,8.1
T1110.003,7.1.4
T1110.003,2.1
T1110.003,12.3
T1110.003,9.3
T1110.003,9.1.1
T1110.003,8.7
T1110.003,7.2
T1110.003,7.1
T1110.003,6.4.2
T1110.003,11.4
T1110.003,10.6.2
T1110.003,10.6.1
T1110.003,2.2
T1110.003,10.6
T1110.003,8.5.1
T1110.003,8.1.5
T1110.003,2.4
T1110.003,2.3
T1110.003,12.3.9
T1110.003,12.3.8
T1110.003,12.3.10
T1110.003,1.1.3
T1110.003,1.1.2
T1110.003,1.1.1
T1110.003,11.5.1
T1110.003,9.9.3
T1110.003,6.2
T1110.003,6.1
T1110.003,12.5.2
T1110.003,12.2
T1110.003,12.11
T1110.003,12.10.6
T1110.003,12.10.5
T1110.003,12.10.1
T1110.003,12.1
T1110.003,11.5
T1110.003,11.3
T1110.003,11.2
T1110.003,11.1
T1110.003,10.9
T1110.003,10.8
T1110.003,10.6.3
T1110.003,10.1
T1110.003,12.10.5 
T1110.003,5
T1110.003,6.4.1
T1110.003,1.2
T1110.004,8.6
T1110.004,8.5
T1110.004,8.3
T1110.004,8.2.2
T1110.004,8.2
T1110.004,8.1
T1110.004,7.1.4
T1110.004,2.1
T1110.004,12.3
T1110.004,9.3
T1110.004,9.1.1
T1110.004,8.7
T1110.004,7.2
T1110.004,7.1
T1110.004,6.4.2
T1110.004,11.4
T1110.004,10.6.2
T1110.004,10.6.1
T1110.004,2.2
T1110.004,10.6
T1110.004,8.5.1
T1110.004,8.1.5
T1110.004,2.4
T1110.004,2.3
T1110.004,12.3.9
T1110.004,12.3.8
T1110.004,12.3.10
T1110.004,1.1.3
T1110.004,1.1.2
T1110.004,1.1.1
T1110.004,11.5.1
T1110.004,9.9.3
T1110.004,6.2
T1110.004,6.1
T1110.004,12.5.2
T1110.004,12.2
T1110.004,12.11
T1110.004,12.10.6
T1110.004,12.10.5
T1110.004,12.10.1
T1110.004,12.1
T1110.004,11.5
T1110.004,11.3
T1110.004,11.2
T1110.004,11.1
T1110.004,10.9
T1110.004,10.8
T1110.004,10.6.3
T1110.004,10.1
T1110.004,12.10.5 
T1110.004,5
T1110.004,6.4.1
T1110.004,1.2
T1119,11.5.1
T1119,8.1.5
T1119,6.1
T1119,12.2
T1119,12.10.6
T1119,12.10.5
T1119,12.10.1
T1119,12.1
T1119,11.5
T1119,11.4
T1119,11.3
T1119,11.2
T1119,11.1
T1119,10.9
T1119,10.6.2
T1119,10.6.1
T1119,10.6
T1119,10.1
T1119,1.1.3
T1119,1.1.2
T1119,1.1.1
T1119,5
T1119,12.5.2
T1119,10.6.3
T1119,9.9.2
T1119,6.7
T1119,6.6
T1119,6.5
T1119,6.4
T1119,6.3
T1119,9.5.1
T1119,12.10.2
T1119,12.5.3
T1119,11.1.2
T1119,2
T1119,1
T1119,6.4.2
T1119,6.4.1
T1119,2.2
T1119,1.2
T1119,9.9
T1119,9.8
T1119,9.7
T1119,9.6
T1119,9.5
T1119,2.4
T1119,9.3
T1119,8.7
T1119,8.2.2
T1119,8.1
T1119,7.2
T1119,7.1.4
T1119,7.1
T1119,8.5.1
T1119,8.3
T1119,2.3
T1119,12.3.9
T1119,12.3.8
T1119,12.3.10
T1136.003,9.3
T1136.003,9.1.1
T1136.003,8.7
T1136.003,8.6
T1136.003,8.5
T1136.003,8.2.2
T1136.003,8.2
T1136.003,8.1
T1136.003,7.2
T1136.003,7.1.4
T1136.003,7.1
T1136.003,6.4.2
T1136.003,2.1
T1136.003,12.3
T1136.003,11.4
T1136.003,10.6.2
T1136.003,10.6.1
T1136.003,2.2
T1136.003,10.6
T1136.003,8.5.1
T1136.003,8.3
T1136.003,8.1.5
T1136.003,2.4
T1136.003,2.3
T1136.003,12.3.9
T1136.003,12.3.8
T1136.003,12.3.10
T1136.003,1.1.3
T1136.003,1.1.2
T1136.003,1.1.1
T1136.003,11.5.1
T1136.003,6.1
T1136.003,12.2
T1136.003,12.10.6
T1136.003,12.10.5
T1136.003,12.10.1
T1136.003,12.1
T1136.003,11.5
T1136.003,11.3
T1136.003,11.2
T1136.003,11.1
T1136.003,10.9
T1136.003,10.1
T1136.003,5
T1136.003,12.5.2
T1136.003,10.6.3
T1136.003,9.9.2
T1136.003,1.2
T1136.003,6.2
T1136.003,10.8
T1136.003,1.3
T1136.003,1.1
T1136.003,2
T1136.003,1
T1189,6.4.2
T1189,6.4.1
T1189,2.2
T1189,1.2
T1189,1.1.3
T1189,1.1.2
T1189,1.1.1
T1189,6.2
T1189,11.3
T1189,10.8
T1189,10.6
T1189,1.3
T1189,1.1
T1189,2
T1189,1
T1189,9.3
T1189,8.7
T1189,7.2
T1189,7.1
T1189,11.4
T1189,10.6.2
T1189,10.6.1
T1189,5
T1189,9.9
T1189,9.8
T1189,9.7
T1189,9.6
T1189,9.5
T1189,2.4
T1189,12.10.5
T1189,11.5
T1189,11.1
T1189,10.1
T1189,12.1
T1189,11.2
T1189,10.9
T1189,11.5.1
T1189,8.1.5
T1189,6.1
T1189,12.2
T1189,12.10.6
T1189,12.10.1
T1189,12.5.2
T1189,10.6.3
T1189,9.9.3
T1189,9.1.1
T1189,12.11
T1189,12.10.5 
T1189,9.9.2
T1189,6.5
T1190,11.5.1
T1190,6.5
T1190,6.2
T1190,6.1
T1190,12.5.2
T1190,12.2
T1190,12.10.6
T1190,12.1
T1190,11.3
T1190,11.2
T1190,10.6.3
T1190,9.9.3
T1190,12.11
T1190,12.10.1
T1190,11.4
T1190,10.9
T1190,10.8
T1190,10.6.1
T1190,9.1.1
T1190,8.1.5
T1190,12.10.5
T1190,11.5
T1190,11.1
T1190,10.6.2
T1190,10.6
T1190,10.1
T1190,12.10.5 
T1190,9.3
T1190,8.7
T1190,8.6
T1190,8.5
T1190,8.2.2
T1190,8.2
T1190,8.1
T1190,7.2
T1190,7.1.4
T1190,7.1
T1190,6.4.2
T1190,2.1
T1190,12.3
T1190,2.2
T1190,1.3
T1190,1.2
T1190,1.1.3
T1190,1.1.2
T1190,1.1.1
T1190,1.1
T1190,2
T1190,1
T1190,8.3
T1190,5
T1190,9.9
T1190,9.8
T1190,9.7
T1190,9.6
T1190,9.5
T1190,2.4
T1190,6.7
T1190,6.6
T1190,6.4
T1190,6.3
T1190,9.9.2
T1199,6.2
T1199,2.2
T1199,11.4
T1199,11.3
T1199,10.8
T1199,10.6.2
T1199,10.6.1
T1199,10.6
T1199,1.3
T1199,1.2
T1199,1.1
T1199,2
T1199,1
T1199,1.1.3
T1199,1.1.2
T1199,1.1.1
T1199,9.3
T1199,7.2
T1199,7.1
T1199,8.7
T1199,8.2.2
T1199,8.1
T1199,7.1.4
T1199,6.4.2
T1199,8.3
T1199,8.2
T1201,11.5.1
T1201,9.9.3
T1201,9.1.1
T1201,8.1.5
T1201,6.2
T1201,6.1
T1201,12.5.2
T1201,12.2
T1201,12.11
T1201,12.10.6
T1201,12.10.5
T1201,12.10.1
T1201,12.1
T1201,11.5
T1201,11.4
T1201,11.3
T1201,11.2
T1201,11.1
T1201,10.9
T1201,10.8
T1201,10.6.3
T1201,10.6.2
T1201,10.6.1
T1201,10.6
T1201,10.1
T1201,12.10.5 
T1201,6.4.2
T1201,6.4.1
T1201,2.2
T1201,1.2
T1201,1.1.3
T1201,1.1.2
T1201,1.1.1
T1201,5
T1204.003,12.1
T1204.003,11.3
T1204.003,11.2
T1204.003,10.9
T1204.003,10.6.1
T1204.003,5
T1204.003,11.5.1
T1204.003,8.1.5
T1204.003,6.1
T1204.003,12.2
T1204.003,12.10.6
T1204.003,12.10.5
T1204.003,12.10.1
T1204.003,11.5
T1204.003,11.4
T1204.003,11.1
T1204.003,10.6.2
T1204.003,10.6
T1204.003,10.1
T1204.003,1.1.3
T1204.003,1.1.2
T1204.003,1.1.1
T1204.003,12.5.2
T1204.003,10.6.3
T1204.003,9.9.3
T1204.003,9.1.1
T1204.003,6.2
T1204.003,12.11
T1204.003,10.8
T1204.003,12.10.5 
T1204.003,2.2
T1204.003,1.3
T1204.003,1.2
T1204.003,1.1
T1204.003,2
T1204.003,1
T1204.003,6.4.2
T1204.003,6.4.1
T1204.003,9.3
T1204.003,7.2
T1204.003,7.1
T1204.003,6.5
T1204.003,9.9.2
T1485,9.3
T1485,8.7
T1485,8.2.2
T1485,8.1
T1485,7.2
T1485,7.1.4
T1485,7.1
T1485,6.4.2
T1485,2.2
T1485,10.6
T1485,6.4.1
T1485,1.2
T1485,1.1.3
T1485,1.1.2
T1485,1.1.1
T1485,11.5.1
T1485,9.6.1
T1485,12.9
T1485,12.8
T1485,12.5.3
T1485,12.5.2
T1485,12.5
T1485,12.4
T1485,12.2
T1485,12.11
T1485,12.10.6
T1485,12.10.1
T1485,12.1
T1485,11.1.2
T1485,10.8
T1485,10.6.3
T1485,9.5.1
T1485,12.10.2
T1485,11.3
T1485,11.2
T1485,10.9
T1485,10.6.1
T1485,5
T1485,8.1.5
T1485,6.1
T1485,12.10.5
T1485,11.5
T1485,11.4
T1485,11.1
T1485,10.6.2
T1485,10.1
T1485,9.9.2
T1486,9.3
T1486,8.7
T1486,8.2.2
T1486,8.1
T1486,7.2
T1486,7.1.4
T1486,7.1
T1486,6.4.2
T1486,2.2
T1486,10.6
T1486,6.4.1
T1486,1.2
T1486,1.1.3
T1486,1.1.2
T1486,1.1.1
T1486,11.5.1
T1486,9.6.1
T1486,12.9
T1486,12.8
T1486,12.5.3
T1486,12.5.2
T1486,12.5
T1486,12.4
T1486,12.2
T1486,12.11
T1486,12.10.6
T1486,12.10.1
T1486,12.1
T1486,11.1.2
T1486,10.8
T1486,10.6.3
T1486,9.5.1
T1486,12.10.2
T1486,11.3
T1486,11.2
T1486,10.9
T1486,10.6.1
T1486,5
T1486,8.1.5
T1486,6.1
T1486,12.10.5
T1486,11.5
T1486,11.4
T1486,11.1
T1486,10.6.2
T1486,10.1
T1486,9.9.2
T1491.002,9.3
T1491.002,8.7
T1491.002,8.2.2
T1491.002,8.1
T1491.002,7.2
T1491.002,7.1.4
T1491.002,7.1
T1491.002,6.4.2
T1491.002,2.2
T1491.002,10.6
T1491.002,6.4.1
T1491.002,1.2
T1491.002,1.1.3
T1491.002,1.1.2
T1491.002,1.1.1
T1491.002,11.5.1
T1491.002,9.6.1
T1491.002,12.9
T1491.002,12.8
T1491.002,12.5.3
T1491.002,12.5.2
T1491.002,12.5
T1491.002,12.4
T1491.002,12.2
T1491.002,12.11
T1491.002,12.10.6
T1491.002,12.10.1
T1491.002,12.1
T1491.002,11.1.2
T1491.002,10.8
T1491.002,10.6.3
T1491.002,9.5.1
T1491.002,12.10.2
T1491.002,11.3
T1491.002,11.2
T1491.002,10.9
T1491.002,10.6.1
T1491.002,5
T1491.002,8.1.5
T1491.002,6.1
T1491.002,12.10.5
T1491.002,11.5
T1491.002,11.4
T1491.002,11.1
T1491.002,10.6.2
T1491.002,10.1
T1491.002,9.9.2
T1498.001,9.3
T1498.001,8.7
T1498.001,8.2.2
T1498.001,8.1
T1498.001,7.2
T1498.001,7.1.4
T1498.001,7.1
T1498.001,6.4.2
T1498.001,2.2
T1498.001,6.2
T1498.001,11.3
T1498.001,10.8
T1498.001,10.6
T1498.001,1.3
T1498.001,1.2
T1498.001,1.1.3
T1498.001,1.1.2
T1498.001,1.1.1
T1498.001,1.1
T1498.001,2
T1498.001,1
T1498.001,11.5.1
T1498.001,9.9.3
T1498.001,9.1.1
T1498.001,8.1.5
T1498.001,6.1
T1498.001,12.5.2
T1498.001,12.2
T1498.001,12.11
T1498.001,12.10.6
T1498.001,12.10.5
T1498.001,12.10.1
T1498.001,12.1
T1498.001,11.5
T1498.001,11.4
T1498.001,11.2
T1498.001,11.1
T1498.001,10.9
T1498.001,10.6.3
T1498.001,10.6.2
T1498.001,10.6.1
T1498.001,10.1
T1498.001,12.10.5 
T1498.002,9.3
T1498.002,8.7
T1498.002,8.2.2
T1498.002,8.1
T1498.002,7.2
T1498.002,7.1.4
T1498.002,7.1
T1498.002,6.4.2
T1498.002,2.2
T1498.002,6.2
T1498.002,11.3
T1498.002,10.8
T1498.002,10.6
T1498.002,1.3
T1498.002,1.2
T1498.002,1.1.3
T1498.002,1.1.2
T1498.002,1.1.1
T1498.002,1.1
T1498.002,2
T1498.002,1
T1498.002,11.5.1
T1498.002,9.9.3
T1498.002,9.1.1
T1498.002,8.1.5
T1498.002,6.1
T1498.002,12.5.2
T1498.002,12.2
T1498.002,12.11
T1498.002,12.10.6
T1498.002,12.10.5
T1498.002,12.10.1
T1498.002,12.1
T1498.002,11.5
T1498.002,11.4
T1498.002,11.2
T1498.002,11.1
T1498.002,10.9
T1498.002,10.6.3
T1498.002,10.6.2
T1498.002,10.6.1
T1498.002,10.1
T1498.002,12.10.5 
T1499.002,9.3
T1499.002,8.7
T1499.002,8.2.2
T1499.002,8.1
T1499.002,7.2
T1499.002,7.1.4
T1499.002,7.1
T1499.002,6.4.2
T1499.002,2.2
T1499.002,6.2
T1499.002,11.3
T1499.002,10.8
T1499.002,10.6
T1499.002,1.3
T1499.002,1.2
T1499.002,1.1.3
T1499.002,1.1.2
T1499.002,1.1.1
T1499.002,1.1
T1499.002,2
T1499.002,1
T1499.002,11.5.1
T1499.002,9.9.3
T1499.002,9.1.1
T1499.002,8.1.5
T1499.002,6.1
T1499.002,12.5.2
T1499.002,12.2
T1499.002,12.11
T1499.002,12.10.6
T1499.002,12.10.5
T1499.002,12.10.1
T1499.002,12.1
T1499.002,11.5
T1499.002,11.4
T1499.002,11.2
T1499.002,11.1
T1499.002,10.9
T1499.002,10.6.3
T1499.002,10.6.2
T1499.002,10.6.1
T1499.002,10.1
T1499.002,12.10.5 
T1499.002,5
T1499.003,9.3
T1499.003,8.7
T1499.003,8.2.2
T1499.003,8.1
T1499.003,7.2
T1499.003,7.1.4
T1499.003,7.1
T1499.003,6.4.2
T1499.003,2.2
T1499.003,6.2
T1499.003,11.3
T1499.003,10.8
T1499.003,10.6
T1499.003,1.3
T1499.003,1.2
T1499.003,1.1.3
T1499.003,1.1.2
T1499.003,1.1.1
T1499.003,1.1
T1499.003,2
T1499.003,1
T1499.003,11.5.1
T1499.003,9.9.3
T1499.003,9.1.1
T1499.003,8.1.5
T1499.003,6.1
T1499.003,12.5.2
T1499.003,12.2
T1499.003,12.11
T1499.003,12.10.6
T1499.003,12.10.5
T1499.003,12.10.1
T1499.003,12.1
T1499.003,11.5
T1499.003,11.4
T1499.003,11.2
T1499.003,11.1
T1499.003,10.9
T1499.003,10.6.3
T1499.003,10.6.2
T1499.003,10.6.1
T1499.003,10.1
T1499.003,12.10.5 
T1499.003,5
T1499.004,9.3
T1499.004,8.7
T1499.004,8.2.2
T1499.004,8.1
T1499.004,7.2
T1499.004,7.1.4
T1499.004,7.1
T1499.004,6.4.2
T1499.004,2.2
T1499.004,6.2
T1499.004,11.3
T1499.004,10.8
T1499.004,10.6
T1499.004,1.3
T1499.004,1.2
T1499.004,1.1.3
T1499.004,1.1.2
T1499.004,1.1.1
T1499.004,1.1
T1499.004,2
T1499.004,1
T1499.004,11.5.1
T1499.004,9.9.3
T1499.004,9.1.1
T1499.004,8.1.5
T1499.004,6.1
T1499.004,12.5.2
T1499.004,12.2
T1499.004,12.11
T1499.004,12.10.6
T1499.004,12.10.5
T1499.004,12.10.1
T1499.004,12.1
T1499.004,11.5
T1499.004,11.4
T1499.004,11.2
T1499.004,11.1
T1499.004,10.9
T1499.004,10.6.3
T1499.004,10.6.2
T1499.004,10.6.1
T1499.004,10.1
T1499.004,12.10.5 
T1499.004,5
T1525,11.5.1
T1525,8.1.5
T1525,6.1
T1525,12.2
T1525,12.10.6
T1525,12.10.5
T1525,12.10.1
T1525,12.1
T1525,11.5
T1525,11.4
T1525,11.3
T1525,11.2
T1525,11.1
T1525,10.9
T1525,10.6.2
T1525,10.6.1
T1525,10.6
T1525,10.1
T1525,1.1.3
T1525,1.1.2
T1525,1.1.1
T1525,5
T1525,12.5.2
T1525,10.6.3
T1525,9.3
T1525,9.1.1
T1525,8.7
T1525,8.6
T1525,8.5
T1525,8.2.2
T1525,8.2
T1525,8.1
T1525,7.2
T1525,7.1.4
T1525,7.1
T1525,6.4.2
T1525,2.1
T1525,12.3
T1525,2.2
T1525,1.2
T1525,8.3
T1525,9.9.2
T1525,6.5
T1525,6.2
T1525,6.4.1
T1528,9.3
T1528,9.1.1
T1528,8.7
T1528,8.6
T1528,8.5
T1528,8.2.2
T1528,8.2
T1528,8.1
T1528,7.2
T1528,7.1.4
T1528,7.1
T1528,6.4.2
T1528,2.1
T1528,12.3
T1528,11.4
T1528,10.6.2
T1528,10.6.1
T1528,2.2
T1528,6.2
T1528,11.3
T1528,10.8
T1528,10.6
T1528,1.3
T1528,1.2
T1528,1.1.3
T1528,1.1.2
T1528,1.1.1
T1528,1.1
T1528,2
T1528,1
T1528,6.4.1
T1528,11.5.1
T1528,9.9.3
T1528,8.1.5
T1528,6.1
T1528,12.5.2
T1528,12.2
T1528,12.11
T1528,12.10.6
T1528,12.10.5
T1528,12.10.1
T1528,12.1
T1528,11.5
T1528,11.2
T1528,11.1
T1528,10.9
T1528,10.6.3
T1528,10.1
T1528,12.10.5 
T1528,5
T1528,8.3
T1528,6.5
T1528,6.7
T1528,6.6
T1528,6.4
T1528,6.3
T1528,12.8
T1528,12.9
T1530,9.3
T1530,9.1.1
T1530,8.7
T1530,8.6
T1530,8.5
T1530,8.2.2
T1530,8.2
T1530,8.1
T1530,7.2
T1530,7.1.4
T1530,7.1
T1530,6.4.2
T1530,2.1
T1530,12.3
T1530,11.4
T1530,10.6.2
T1530,10.6.1
T1530,2.2
T1530,10.6
T1530,8.5.1
T1530,8.3
T1530,8.1.5
T1530,2.4
T1530,2.3
T1530,12.3.9
T1530,12.3.8
T1530,12.3.10
T1530,1.1.3
T1530,1.1.2
T1530,1.1.1
T1530,6.2
T1530,11.3
T1530,10.8
T1530,1.3
T1530,1.2
T1530,1.1
T1530,2
T1530,1
T1530,6.4.1
T1530,9.9
T1530,9.8
T1530,9.7
T1530,9.6
T1530,9.5
T1530,12.10.5
T1530,11.5
T1530,11.1
T1530,10.1
T1530,11.5.1
T1530,9.9.3
T1530,6.1
T1530,12.5.2
T1530,12.2
T1530,12.11
T1530,12.10.6
T1530,12.10.1
T1530,12.1
T1530,11.2
T1530,10.9
T1530,10.6.3
T1530,12.10.5 
T1530,8.2.1
T1530,5
T1530,9.9.2
T1530,6.7
T1530,6.6
T1530,6.5
T1530,6.4
T1530,6.3
T1537,9.3
T1537,9.1.1
T1537,8.7
T1537,8.6
T1537,8.5
T1537,8.2.2
T1537,8.2
T1537,8.1
T1537,7.2
T1537,7.1.4
T1537,7.1
T1537,6.4.2
T1537,2.1
T1537,12.3
T1537,11.4
T1537,10.6.2
T1537,10.6.1
T1537,2.2
T1537,6.2
T1537,11.3
T1537,10.8
T1537,10.6
T1537,1.3
T1537,1.2
T1537,1.1.3
T1537,1.1.2
T1537,1.1.1
T1537,1.1
T1537,2
T1537,1
T1537,8.5.1
T1537,8.3
T1537,8.1.5
T1537,2.3
T1537,12.3.9
T1537,12.3.8
T1537,12.3.10
T1537,2.4
T1537,11.5.1
T1537,9.9.3
T1537,6.1
T1537,12.5.2
T1537,12.2
T1537,12.11
T1537,12.10.6
T1537,12.10.5
T1537,12.10.1
T1537,12.1
T1537,11.5
T1537,11.2
T1537,11.1
T1537,10.9
T1537,10.6.3
T1537,10.1
T1537,12.10.5 
T1537,5
T1538,9.3
T1538,9.1.1
T1538,8.7
T1538,8.6
T1538,8.5
T1538,8.2.2
T1538,8.2
T1538,8.1
T1538,7.2
T1538,7.1.4
T1538,7.1
T1538,6.4.2
T1538,2.1
T1538,12.3
T1538,11.4
T1538,10.6.2
T1538,10.6.1
T1538,2.2
T1538,10.6
T1538,8.3
T1550.001,8.2.1
T1550.001,10.6
T1550.001,6.4.2
T1550.001,6.4.1
T1550.001,2.2
T1550.001,1.2
T1550.001,1.1.3
T1550.001,1.1.2
T1550.001,1.1.1
T1550.001,9.1.1
T1550.001,9.3
T1550.001,8.7
T1550.001,8.2.2
T1550.001,8.1
T1550.001,7.2
T1550.001,7.1.4
T1550.001,7.1
T1550.001,8.5.1
T1550.001,8.3
T1550.001,8.1.5
T1550.001,2.3
T1550.001,12.3.9
T1550.001,12.3.8
T1550.001,12.3.10
T1550.001,2
T1550.001,1
T1550.001,2.4
T1550.001,11.5.1
T1550.001,6.1
T1550.001,12.2
T1550.001,12.10.6
T1550.001,12.10.5
T1550.001,12.10.1
T1550.001,12.1
T1550.001,11.5
T1550.001,11.4
T1550.001,11.3
T1550.001,11.2
T1550.001,11.1
T1550.001,10.9
T1550.001,10.6.2
T1550.001,10.6.1
T1550.001,10.1
T1550.001,5
T1550.001,12.5.2
T1550.001,10.6.3
T1550.001,9.9.2
T1550.001,6.7
T1550.001,6.6
T1550.001,6.5
T1550.001,6.4
T1550.001,6.3
T1550.001,8.6
T1550.001,8.5
T1550.001,8.2
T1550.001,2.1
T1550.001,12.3
T1552.001,6.4.2
T1552.001,6.4.1
T1552.001,2.2
T1552.001,1.2
T1552.001,1.1.3
T1552.001,1.1.2
T1552.001,1.1.1
T1552.001,8.6
T1552.001,8.5
T1552.001,8.3
T1552.001,8.2.2
T1552.001,8.2
T1552.001,8.1
T1552.001,7.1.4
T1552.001,2.1
T1552.001,12.3
T1552.001,9.3
T1552.001,8.7
T1552.001,7.2
T1552.001,7.1
T1552.001,10.6
T1552.001,9.1.1
T1552.001,11.4
T1552.001,10.6.2
T1552.001,10.6.1
T1552.001,6.2
T1552.001,11.3
T1552.001,10.8
T1552.001,1.3
T1552.001,1.1
T1552.001,2
T1552.001,1
T1552.001,11.5.1
T1552.001,9.9.3
T1552.001,8.1.5
T1552.001,6.1
T1552.001,12.5.2
T1552.001,12.2
T1552.001,12.11
T1552.001,12.10.6
T1552.001,12.10.5
T1552.001,12.10.1
T1552.001,12.1
T1552.001,11.5
T1552.001,11.2
T1552.001,11.1
T1552.001,10.9
T1552.001,10.6.3
T1552.001,10.1
T1552.001,12.10.5 
T1552.001,8.2.1
T1552.001,5
T1552.001,6.7
T1552.001,6.6
T1552.001,6.5
T1552.001,6.4
T1552.001,6.3
T1552.001,12.8
T1552.001,12.9
T1552.005,11.5.1
T1552.005,9.9.3
T1552.005,9.1.1
T1552.005,8.1.5
T1552.005,6.2
T1552.005,6.1
T1552.005,12.5.2
T1552.005,12.2
T1552.005,12.11
T1552.005,12.10.6
T1552.005,12.10.5
T1552.005,12.10.1
T1552.005,12.1
T1552.005,11.5
T1552.005,11.4
T1552.005,11.3
T1552.005,11.2
T1552.005,11.1
T1552.005,10.9
T1552.005,10.8
T1552.005,10.6.3
T1552.005,10.6.2
T1552.005,10.6.1
T1552.005,10.6
T1552.005,10.1
T1552.005,12.10.5 
T1552.005,2.2
T1552.005,1.2
T1552.005,9.3
T1552.005,7.2
T1552.005,7.1
T1552.005,8.6
T1552.005,8.5
T1552.005,8.3
T1552.005,8.2
T1552.005,8.1
T1552.005,2.1
T1552.005,12.3
T1552.005,8.2.2
T1552.005,7.1.4
T1552.005,1.3
T1552.005,1.1
T1552.005,2
T1552.005,1
T1552.005,1.1.3
T1552.005,1.1.2
T1552.005,1.1.1
T1552.005,5
T1552.005,8.7
T1552.005,6.4.2
T1552.005,8.5.1
T1552.005,2.4
T1552.005,2.3
T1552.005,12.3.9
T1552.005,12.3.8
T1552.005,12.3.10
T1562.001,6.1
T1562.001,12.2
T1562.001,11.3
T1562.001,11.2
T1562.001,11.5.1
T1562.001,6.5
T1562.001,6.2
T1562.001,12.5.2
T1562.001,12.10.6
T1562.001,12.1
T1562.001,10.6.3
T1562.001,6.4.2
T1562.001,6.4.1
T1562.001,2.2
T1562.001,1.2
T1562.001,1.1.3
T1562.001,1.1.2
T1562.001,1.1.1
T1562.001,8.6
T1562.001,8.5
T1562.001,8.3
T1562.001,8.2.2
T1562.001,8.2
T1562.001,8.1
T1562.001,7.1.4
T1562.001,2.1
T1562.001,12.3
T1562.001,8.1.5
T1562.001,12.10.5
T1562.001,12.10.1
T1562.001,11.5
T1562.001,11.4
T1562.001,11.1
T1562.001,10.9
T1562.001,10.6.2
T1562.001,10.6.1
T1562.001,10.6
T1562.001,10.1
T1562.001,5
T1562.007,6.1
T1562.007,12.2
T1562.007,11.3
T1562.007,11.2
T1562.007,11.5.1
T1562.007,6.5
T1562.007,6.2
T1562.007,12.5.2
T1562.007,12.10.6
T1562.007,12.1
T1562.007,10.6.3
T1562.007,6.4.2
T1562.007,6.4.1
T1562.007,2.2
T1562.007,1.2
T1562.007,1.1.3
T1562.007,1.1.2
T1562.007,1.1.1
T1562.007,8.6
T1562.007,8.5
T1562.007,8.3
T1562.007,8.2.2
T1562.007,8.2
T1562.007,8.1
T1562.007,7.1.4
T1562.007,2.1
T1562.007,12.3
T1562.007,8.1.5
T1562.007,12.10.5
T1562.007,12.10.1
T1562.007,11.5
T1562.007,11.4
T1562.007,11.1
T1562.007,10.9
T1562.007,10.6.2
T1562.007,10.6.1
T1562.007,10.6
T1562.007,10.1
T1562.007,5
T1562.008,6.1
T1562.008,12.2
T1562.008,11.3
T1562.008,11.2
T1562.008,11.5.1
T1562.008,6.5
T1562.008,6.2
T1562.008,12.5.2
T1562.008,12.10.6
T1562.008,12.1
T1562.008,10.6.3
T1562.008,6.4.2
T1562.008,6.4.1
T1562.008,2.2
T1562.008,1.2
T1562.008,1.1.3
T1562.008,1.1.2
T1562.008,1.1.1
T1562.008,8.6
T1562.008,8.5
T1562.008,8.3
T1562.008,8.2.2
T1562.008,8.2
T1562.008,8.1
T1562.008,7.1.4
T1562.008,2.1
T1562.008,12.3
T1562.008,8.1.5
T1562.008,12.10.5
T1562.008,12.10.1
T1562.008,11.5
T1562.008,11.4
T1562.008,11.1
T1562.008,10.9
T1562.008,10.6.2
T1562.008,10.6.1
T1562.008,10.6
T1562.008,10.1
T1562.008,5
T1562.001,9.3
T1562.001,9.1.1
T1562.001,8.7
T1562.001,7.2
T1562.001,7.1
T1562.001,9.9.3
T1562.001,12.11
T1562.001,10.8
T1562.001,12.10.5 
T1562.001,9.9.2
T1562.007,9.3
T1562.007,9.1.1
T1562.007,8.7
T1562.007,7.2
T1562.007,7.1
T1562.008,9.3
T1562.008,9.1.1
T1562.008,8.7
T1562.008,7.2
T1562.008,7.1
T1566,6.5
T1566,6.2
T1566,6.1
T1566,12.2
T1566,11.3
T1566,11.2
T1566,12.1
T1566,10.9
T1566,10.6.1
T1566,5
T1566,11.5.1
T1566,8.1.5
T1566,12.10.6
T1566,12.10.5
T1566,12.10.1
T1566,11.5
T1566,11.4
T1566,11.1
T1566,10.6.2
T1566,10.6
T1566,10.1
T1566,1.1.3
T1566,1.1.2
T1566,1.1.1
T1566,12.5.2
T1566,10.6.3
T1566,9.9.3
T1566,9.1.1
T1566,12.11
T1566,10.8
T1566,12.10.5 
T1566,2.2
T1566,1.3
T1566,1.2
T1566,1.1
T1566,2
T1566,1
T1566,6.4.2
T1566,6.4.1
T1566,8.6
T1566,8.5
T1566,8.3
T1566,8.2
T1566,8.1
T1566,2.1
T1566,12.3
T1580,9.3
T1580,9.1.1
T1580,8.7
T1580,8.6
T1580,8.5
T1580,8.2.2
T1580,8.2
T1580,8.1
T1580,7.2
T1580,7.1.4
T1580,7.1
T1580,6.4.2
T1580,2.1
T1580,12.3
T1580,11.4
T1580,10.6.2
T1580,10.6.1
T1580,2.2
T1580,10.6
T1580,8.3
T1078,9.3
T1078,8.7
T1078,8.5.1
T1078,7.2
T1078,7.1
T1078,6.4.2
T1078,2.3
T1078,12.3.9
T1078,12.3.8
T1078,12.3.10
T1087.004,8.5.1
T1087.004,8.1.5
T1087.004,2.3
T1087.004,12.3.9
T1087.004,12.3.8
T1087.004,12.3.10
T1098,8.7
T1098,8.6
T1098,8.5.1
T1098,8.5
T1098,8.3
T1098,8.2.2
T1098,8.2
T1098,8.1
T1098,7.1.4
T1098,6.4.2
T1098,2.3
T1098,2.1
T1098,12.3.9
T1098,12.3.8
T1098,12.3.10
T1098,12.3
T1098.004,8.6
T1098.004,8.5.1
T1098.004,8.5
T1098.004,8.3
T1098.004,8.2
T1098.004,2.3
T1098.004,2.1
T1098.004,12.3.9
T1098.004,12.3.8
T1098.004,12.3.10
T1098.004,12.3
T1136,9.3
T1136,8.7
T1136,8.6
T1136,8.5.1
T1136,8.5
T1136,8.3
T1136,8.2.2
T1136,8.2
T1136,8.1.5
T1136,8.1
T1136,7.2
T1136,7.1.4
T1136,7.1
T1136,6.4.2
T1136,2.3
T1136,2.1
T1136,12.3.9
T1136,12.3.8
T1136,12.3.10
T1136,12.3
T1190,8.5.1
T1190,2.3
T1190,12.3.9
T1190,12.3.8
T1190,12.3.10
T1525,8.5.1
T1525,2.3
T1525,12.3.9
T1525,12.3.8
T1525,12.3.10
T1538,8.5.1
T1538,8.1.5
T1538,2.3
T1538,12.3.9
T1538,12.3.8
T1538,12.3.10
T1550,9.3
T1550,8.7
T1550,8.6
T1550,8.5.1
T1550,8.5
T1550,8.3
T1550,8.2.2
T1550,8.2
T1550,8.1.5
T1550,8.1
T1550,7.2
T1550,7.1.4
T1550,7.1
T1550,6.4.2
T1550,2.3
T1550,2.1
T1550,12.3.9
T1550,12.3.8
T1550,12.3.10
T1550,12.3
T1552,9.3
T1552,8.7
T1552,8.6
T1552,8.5.1
T1552,8.5
T1552,8.3
T1552,8.2.2
T1552,8.2
T1552,8.1.5
T1552,8.1
T1552,7.2
T1552,7.1.4
T1552,7.1
T1552,6.4.2
T1552,2.3
T1552,2.1
T1552,12.3.9
T1552,12.3.8
T1552,12.3.10
T1552,12.3
T1552.001,8.5.1
T1552.001,2.3
T1552.001,12.3.9
T1552.001,12.3.8
T1552.001,12.3.10
T1562,9.3
T1562,8.7
T1562,8.6
T1562,8.5.1
T1562,8.5
T1562,8.3
T1562,8.2.2
T1562,8.2
T1562,8.1.5
T1562,8.1
T1562,7.2
T1562,7.1.4
T1562,7.1
T1562,6.4.2
T1562,2.3
T1562,2.1
T1562,12.3.9
T1562,12.3.8
T1562,12.3.10
T1562,12.3
T1562.001,8.5.1
T1562.001,2.3
T1562.001,12.3.9
T1562.001,12.3.8
T1562.001,12.3.10
T1562.007,8.5.1
T1562.007,2.3
T1562.007,12.3.9
T1562.007,12.3.8
T1562.007,12.3.10
T1562.008,8.5.1
T1562.008,2.3
T1562.008,12.3.9
T1562.008,12.3.8
T1562.008,12.3.10
T1578,9.3
T1578,8.7
T1578,8.6
T1578,8.5.1
T1578,8.5
T1578,8.3
T1578,8.2.2
T1578,8.2
T1578,8.1.5
T1578,8.1
T1578,7.2
T1578,7.1.4
T1578,7.1
T1578,6.4.2
T1578,2.3
T1578,2.1
T1578,12.3.9
T1578,12.3.8
T1578,12.3.10
T1578,12.3
T1578.001,9.3
T1578.001,8.7
T1578.001,8.6
T1578.001,8.5.1
T1578.001,8.5
T1578.001,8.3
T1578.001,8.2.2
T1578.001,8.2
T1578.001,8.1.5
T1578.001,8.1
T1578.001,7.2
T1578.001,7.1.4
T1578.001,7.1
T1578.001,6.4.2
T1578.001,2.3
T1578.001,2.1
T1578.001,12.3.9
T1578.001,12.3.8
T1578.001,12.3.10
T1578.001,12.3
T1578.002,9.3
T1578.002,8.7
T1578.002,8.6
T1578.002,8.5.1
T1578.002,8.5
T1578.002,8.3
T1578.002,8.2.2
T1578.002,8.2
T1578.002,8.1.5
T1578.002,8.1
T1578.002,7.2
T1578.002,7.1.4
T1578.002,7.1
T1578.002,6.4.2
T1578.002,2.3
T1578.002,2.1
T1578.002,12.3.9
T1578.002,12.3.8
T1578.002,12.3.10
T1578.002,12.3
T1578.003,9.3
T1578.003,8.7
T1578.003,8.6
T1578.003,8.5.1
T1578.003,8.5
T1578.003,8.3
T1578.003,8.2.2
T1578.003,8.2
T1578.003,8.1.5
T1578.003,8.1
T1578.003,7.2
T1578.003,7.1.4
T1578.003,7.1
T1578.003,6.4.2
T1578.003,2.3
T1578.003,2.1
T1578.003,12.3.9
T1578.003,12.3.8
T1578.003,12.3.10
T1578.003,12.3
T1580,8.5.1
T1580,8.1.5
T1580,2.3
T1580,12.3.9
T1580,12.3.8
T1580,12.3.10
T1204,9.9.3
T1204,8.4
T1204,7.3
T1204,6.7
T1204,12.6
T1204,12.4
T1528,8.4
T1528,7.3
T1528,12.6
T1528,12.4
T1552,9.9.3
T1552,8.4
T1552,7.3
T1552,6.7
T1552,12.6
T1552,12.4
T1552.001,8.4
T1552.001,7.3
T1552.001,12.6
T1552.001,12.4
T1566,8.4
T1566,7.3
T1566,6.7
T1566,12.6
T1566,12.4
T1552,12.5
T1552,1.1.5
T1552.001,12.5
T1552.001,1.1.5
T1562.008,12.10.5 
T1552,11.5.1
T1552,12.5.2
T1552,12.10.5
T1552,12.1
T1552,10.8
T1552,10.6.3
T1552,10.6
T1552,10.1
T1136,1.1.3
T1136,1.1.2
T1040,2.2
T1040,1.2
T1087.004,1.2
T1110,2.2
T1110,1.2
T1136,2.2
T1136,1.2
T1535,2.2
T1535,1.2
T1552,2.2
T1552,1.2
T1562,2.2
T1562,1.2
T1491,9.5.1
T1491,12.10.2
T1491,12.10.1
T1491,12.1
T1552,12.10.6
T1552,12.10.1
T1046,6.7
T1046,6.6
T1046,6.4
T1046,6.3
T1098,6.7
T1098,6.6
T1098,6.5
T1098,6.4
T1098,6.3
T1098.001,6.7
T1098.001,6.6
T1098.001,6.5
T1098.001,6.4
T1098.001,6.3
T1136,6.7
T1136,6.6
T1136,6.5
T1136,6.4
T1136,6.3
T1136.003,6.7
T1136.003,6.6
T1136.003,6.5
T1136.003,6.4
T1136.003,6.3
T1199,6.7
T1199,6.6
T1199,6.5
T1199,6.4
T1199,6.3
T1204,7.2
T1204,7.1
T1204,12.5
T1204,1.1.5
T1528,12.5
T1528,1.1.5
T1566,7.2
T1566,7.1
T1566,12.5
T1566,1.1.5
T1552,9.6.1
T1552,6.1
T1552,12.8
T1552,12.2
T1552.001,9.6.1
T1566,11.1.2
T1562.008,11.1.2
T1562.007,11.1.2
T1562.001,11.1.2
T1552.005,11.1.2
T1552.001,11.1.2
T1550.001,11.1.2
T1537,11.1.2
T1528,11.1.2
T1525,11.1.2
T1499.004,11.1.2
T1499.003,11.1.2
T1499.002,11.1.2
T1204.003,11.1.2
T1201,11.1.2
T1136.003,11.1.2
T1110.004,11.1.2
T1110.003,11.1.2
T1110.002,11.1.2
T1110.001,11.1.2
T1098.001,11.1.2
T1098,11.1.2
T1078.004,11.1.2
T1078.001,11.1.2
T1040,11.1.2
T1530,11.1.2
T1190,11.1.2
T1189,11.1.2
T1098.004,11.1.2
T1046,11.1.2
T1499.004,2.1
T1499.003,2.1
T1499.002,2.1
T1491.002,2.1
T1486,2.1
T1485,2.1
T1204.003,2.1
T1201,2.1
T1189,2.1
T1119,2.1
T1046,2.1
T1204.003,8.1
T1201,8.1
T1189,8.1
T1046,8.1
T1499.004,8.2
T1499.003,8.2
T1499.002,8.2
T1491.002,8.2
T1486,8.2
T1485,8.2
T1204.003,8.2
T1201,8.2
T1189,8.2
T1119,8.2
T1046,8.2
T1499.004,8.5
T1499.003,8.5
T1499.002,8.5
T1491.002,8.5
T1486,8.5
T1485,8.5
T1204.003,8.5
T1201,8.5
T1189,8.5
T1119,8.5
T1046,8.5
T1499.004,8.6
T1499.003,8.6
T1499.002,8.6
T1491.002,8.6
T1486,8.6
T1485,8.6
T1204.003,8.6
T1201,8.6
T1189,8.6
T1119,8.6
T1046,8.6
T1499.004,12.3
T1499.003,12.3
T1499.002,12.3
T1491.002,12.3
T1486,12.3
T1485,12.3
T1204.003,12.3
T1201,12.3
T1189,12.3
T1119,12.3
T1046,12.3
T1190,1.4
T1189,1.4
T1491.002,9.5
T1491,9.5
T1486,9.5
T1485,9.5
T1552,9.5
T1136.003,9.5
T1136,9.5
T1098.001,9.5
T1098,9.5
T1552,9.5.1
T1530,9.5.1
T1136.003,9.5.1
T1136,9.5.1
T1098.001,9.5.1
T1098,9.5.1
T1199,1.1.6
T1046,1.1.6
T1136.003,1.1.6
T1136,1.1.6
T1098.001,1.1.6
T1098,1.1.6
T1190,1.1.6
T1199,1.2.3
T1046,1.2.3
T1136.003,1.2.3
T1136,1.2.3
T1098.001,1.2.3
T1098,1.2.3
T1190,1.2.3
T1199,2.2.2
T1046,2.2.2
T1136.003,2.2.2
T1136,2.2.2
T1098.001,2.2.2
T1098,2.2.2
T1190,2.2.2
T1499.004,8.3
T1499.003,8.3
T1499.002,8.3
T1498.002,8.3
T1498.001,8.3
T1204.003,8.3
T1201,8.3
T1189,8.3
T1046,8.3
T1190,10.5.3
T1552.005,10.5.3
T1552,10.5.3
T1552,10.6.1
T1566,1.1.4
T1552.005,1.1.4
T1552.001,1.1.4
T1537,1.1.4
T1530,1.1.4
T1499.004,1.1.4
T1499.003,1.1.4
T1499.002,1.1.4
T1498.002,1.1.4
T1498.001,1.1.4
T1204.003,1.1.4
T1199,1.1.4
T1190,1.1.4
T1189,1.1.4
T1136.003,1.1.4
T1098.001,1.1.4
T1046,1.1.4
T1566,1.3.2
T1552.005,1.3.2
T1552.001,1.3.2
T1537,1.3.2
T1530,1.3.2
T1499.004,1.3.2
T1499.003,1.3.2
T1499.002,1.3.2
T1498.002,1.3.2
T1498.001,1.3.2
T1204.003,1.3.2
T1199,1.3.2
T1190,1.3.2
T1189,1.3.2
T1136.003,1.3.2
T1098.001,1.3.2
T1046,1.3.2
T1566,1.3.3
T1552.005,1.3.3
T1552.001,1.3.3
T1537,1.3.3
T1530,1.3.3
T1499.004,1.3.3
T1499.003,1.3.3
T1499.002,1.3.3
T1498.002,1.3.3
T1498.001,1.3.3
T1204.003,1.3.3
T1199,1.3.3
T1190,1.3.3
T1189,1.3.3
T1136.003,1.3.3
T1098.001,1.3.3
T1046,1.3.3
T1566,1.3.4
T1552.005,1.3.4
T1552.001,1.3.4
T1537,1.3.4
T1530,1.3.4
T1499.004,1.3.4
T1499.003,1.3.4
T1499.002,1.3.4
T1498.002,1.3.4
T1498.001,1.3.4
T1204.003,1.3.4
T1199,1.3.4
T1190,1.3.4
T1189,1.3.4
T1136.003,1.3.4
T1098.001,1.3.4
T1046,1.3.4
T1566,1.3.5
T1552.005,1.3.5
T1552.001,1.3.5
T1537,1.3.5
T1530,1.3.5
T1499.004,1.3.5
T1499.003,1.3.5
T1499.002,1.3.5
T1498.002,1.3.5
T1498.001,1.3.5
T1204.003,1.3.5
T1199,1.3.5
T1190,1.3.5
T1189,1.3.5
T1136.003,1.3.5
T1098.001,1.3.5
T1046,1.3.5
T1566,6.6
T1552.005,6.6
T1537,6.6
T1499.004,6.6
T1499.003,6.6
T1499.002,6.6
T1498.002,6.6
T1498.001,6.6
T1204.003,6.6
T1189,6.6
T1204,11.4
T1204,11.1
T1204,12.6.1
T1528,12.6.1
T1566,12.6.1
T1204,12.6.2
T1528,12.6.2
T1566,12.6.2
T1552.001,12.10.4
T1552,12.10.4
T1552,6.5
T1098.004,6.3
T1552,6.3
T1190,6.4.1
T1136.003,6.4.1
T1098.001,6.4.1
T1098,6.4.1
T1552.001,6.5.1
T1552,6.5.1
T1078,6.5.1
T1552.001,6.5.2
T1552,6.5.2
T1078,6.5.2
T1552.001,6.5.3
T1552,6.5.3
T1078,6.5.3
T1552.001,6.5.4
T1552,6.5.4
T1078,6.5.4
T1552.001,6.5.5
T1552,6.5.5
T1078,6.5.5
T1552.001,6.5.6
T1552,6.5.6
T1078,6.5.6
T1552.001,6.5.7
T1552,6.5.7
T1078,6.5.7
T1552.001,6.5.8
T1552,6.5.8
T1078,6.5.8
T1552.001,6.5.9
T1552,6.5.9
T1078,6.5.9
T1552.001,6.5.10
T1552,6.5.10
T1078,6.5.10
T1046,11.3.1
T1530,11.3.1
T1190,11.3.1
T1535,11.3.2
T1189,11.3.2
T1550.001,11.3.2
T1552.001,11.3.2
T1528,11.3.2
T1578.003,11.3.2
T1578.002,11.3.2
T1578.001,11.3.2
T1578,11.3.2
T1525,11.3.2
T1562.007,11.3.2
T1530,11.3.2
T1087.004,11.3.2
T1552.005,11.3.2
T1098.004,11.3.2
T1136,11.3.2
T1098,11.3.2
T1552,11.3.2
T1204,11.5
T1552.001,2.1.1
T1528,2.1.1
T1136.003,2.1.1
T1110.004,2.1.1
T1110.003,2.1.1
T1110.002,2.1.1
T1110.001,2.1.1
T1098.001,2.1.1
T1078.004,2.1.1
T1078,2.1.1
T1550.001,2.1.1
T1537,2.1.1
T1530,2.1.1
T1119,2.1.1
T1040,2.1.1
T1552.001,4.1
T1528,4.1
T1136.003,4.1
T1110.004,4.1
T1110.003,4.1
T1110.002,4.1
T1110.001,4.1
T1098.001,4.1
T1078.004,4.1
T1078,4.1
T1550.001,4.1
T1537,4.1
T1530,4.1
T1119,4.1
T1040,4.1
T1552.001,4.1.1
T1528,4.1.1
T1136.003,4.1.1
T1110.004,4.1.1
T1110.003,4.1.1
T1110.002,4.1.1
T1110.001,4.1.1
T1098.001,4.1.1
T1078.004,4.1.1
T1078,4.1.1
T1550.001,4.1.1
T1537,4.1.1
T1530,4.1.1
T1119,4.1.1
T1040,4.1.1
T1528,8.2.1
T1136.003,8.2.1
T1110.004,8.2.1
T1110.003,8.2.1
T1110.002,8.2.1
T1110.001,8.2.1
T1098.001,8.2.1
T1537,8.2.1
T1119,8.2.1
T1550.001,3.4
T1552,3.4
T1530,3.4
T1119,3.4
T1550.001,3.4.1 
T1552,3.4.1 
T1530,3.4.1 
T1119,3.4.1 
T1552,8.2.1
T1552,2.2.1
T1199,2.2.1
T1046,2.2.1
T1190,2.2.1
T1136.003,2.2.1
T1136,2.2.1
T1098.001,2.2.1
T1098,2.2.1
T1552,2.4
T1199,2.4
T1136,2.4
T1098,2.4
T1580,10.2.1
T1562.008,10.2.1
T1562.007,10.2.1
T1562.001,10.2.1
T1552.001,10.2.1
T1538,10.2.1
T1537,10.2.1
T1530,10.2.1
T1528,10.2.1
T1525,10.2.1
T1491.002,10.2.1
T1486,10.2.1
T1485,10.2.1
T1199,10.2.1
T1190,10.2.1
T1189,10.2.1
T1136.003,10.2.1
T1110.004,10.2.1
T1110.003,10.2.1
T1110.002,10.2.1
T1110.001,10.2.1
T1098.001,10.2.1
T1087.004,10.2.1
T1078.004,10.2.1
T1078.001,10.2.1
T1580,11.5
T1538,11.5
T1199,11.5
T1087.004,11.5
T1098.001,7.1.1
T1098,7.1.1
T1552.001,7.1.1
T1552,7.1.1
T1098.004,7.1.1
T1537,7.1.1
T1528,7.1.1
T1562.008,7.1.1
T1562.007,7.1.1
T1562.001,7.1.1
T1562,7.1.1
T1530,7.1.1
T1538,7.1.1
T1580,7.1.1
T1087.004,7.1.1
T1098.001,7.1.2
T1098,7.1.2
T1552.001,7.1.2
T1552,7.1.2
T1098.004,7.1.2
T1537,7.1.2
T1528,7.1.2
T1562.008,7.1.2
T1562.007,7.1.2
T1562.001,7.1.2
T1562,7.1.2
T1530,7.1.2
T1538,7.1.2
T1580,7.1.2
T1087.004,7.1.2
T1098.001,7.1.3
T1098,7.1.3
T1552.001,7.1.3
T1552,7.1.3
T1098.004,7.1.3
T1537,7.1.3
T1528,7.1.3
T1562.008,7.1.3
T1562.007,7.1.3
T1562.001,7.1.3
T1562,7.1.3
T1530,7.1.3
T1538,7.1.3
T1580,7.1.3
T1087.004,7.1.3
T1110,11.5
T1535,11.5
T1136,11.5
T1562,11.5
T1552,11.5
T1552,1.1.1
T1136,1.1.1
T1040,1.2.2
T1552.005,1.2.2
T1552,1.2.2
T1537,1.2.2
T1499.004,1.2.2
T1499.003,1.2.2
T1499.002,1.2.2
T1530,1.2.2
T1136.003,1.2.2
T1136,1.2.2
T1098.001,1.2.2
T1098,1.2.2
T1580,8.1.8
T1562.008,8.1.8
T1562.007,8.1.8
T1562.001,8.1.8
T1552.001,8.1.8
T1538,8.1.8
T1537,8.1.8
T1530,8.1.8
T1528,8.1.8
T1525,8.1.8
T1190,8.1.8
T1136.003,8.1.8
T1110.004,8.1.8
T1110.003,8.1.8
T1110.002,8.1.8
T1110.001,8.1.8
T1098.001,8.1.8
T1087.004,8.1.8
T1078.004,8.1.8
T1078.001,8.1.8
T1136,1.1.4
T1098,1.1.4
T1537,1.3.1
T1530,1.3.1
T1199,1.3.1
T1046,1.3.1
T1190,1.3.1
T1136.003,1.3.1
T1136,1.3.1
T1098.001,1.3.1
T1098,1.3.1
T1552.005,1.4
T1552,1.4
T1552,1.1.4
T1110,2.1
T1078.001,2.1.1
T1552,2.1.1
T1525,2.1.1
T1190,2.1.1
T1136,2.1.1
T1098,2.1.1
T1550,2.1.1
T1578.003,2.1.1
T1578.001,2.1.1
T1578.002,2.1.1
T1578,2.1.1
T1562.008,2.1.1
T1562.007,2.1.1
T1562.001,2.1.1
T1562,2.1.1
T1538,2.1.1
T1580,2.1.1
T1110,2.1.1
T1087.004,2.1.1
T1552.005,1.1.6
T1098.004,1.1.6
T1552.005,1.2.1
T1046,1.2.1
T1098.004,1.2.1
T1098,1.2.1
T1552.005,2.2.2
T1098.004,2.2.2
T1552.005,2.2.5
T1046,2.2.5
T1098.004,2.2.5
T1098,2.2.5
T1552.005,12.8
T1046,12.8
T1098.004,12.8
T1098,12.8
T1552.005,12.9
T1046,12.9
T1098.004,12.9
T1098,12.9
T1078,8.1.1
T1078.004,8.1.1
T1078,8.1.4
T1552,8.1.4
T1525,8.1.4
T1190,8.1.4
T1136.003,8.1.4
T1136,8.1.4
T1098.001,8.1.4
T1098,8.1.4
T1078.004,8.1.4
T1550,8.1.4
T1537,8.1.4
T1528,8.1.4
T1578.003,8.1.4
T1578.001,8.1.4
T1578.002,8.1.4
T1578,8.1.4
T1562.008,8.1.4
T1562.007,8.1.4
T1562.001,8.1.4
T1562,8.1.4
T1530,8.1.4
T1538,8.1.4
T1580,8.1.4
T1110.004,8.1.4
T1110,8.1.4
T1087.004,8.1.4
T1078.004,7.1.1
T1078,7.1.1
T1550,7.1.1
T1525,7.1.1
T1136.003,7.1.1
T1136,7.1.1
T1578.003,7.1.1
T1578.001,7.1.1
T1578.002,7.1.1
T1578,7.1.1
T1078.004,7.1.2
T1078,7.1.2
T1550,7.1.2
T1525,7.1.2
T1136.003,7.1.2
T1136,7.1.2
T1578.003,7.1.2
T1578.001,7.1.2
T1578.002,7.1.2
T1578,7.1.2
T1078.004,7.1.3
T1078,7.1.3
T1550,7.1.3
T1525,7.1.3
T1136.003,7.1.3
T1136,7.1.3
T1578.003,7.1.3
T1578.001,7.1.3
T1578.002,7.1.3
T1578,7.1.3
T1078,8.1.3
T1525,8.1.3
T1190,8.1.3
T1136.003,8.1.3
T1136,8.1.3
T1098.001,8.1.3
T1098,8.1.3
T1552.001,8.1.3
T1552,8.1.3
T1098.004,8.1.3
T1078.004,8.1.3
T1550,8.1.3
T1537,8.1.3
T1578.003,8.1.3
T1578.001,8.1.3
T1578.002,8.1.3
T1578,8.1.3
T1562.008,8.1.3
T1562.007,8.1.3
T1562.001,8.1.3
T1562,8.1.3
T1530,8.1.3
T1538,8.1.3
T1580,8.1.3
T1087.004,8.1.3
T1110,8.3
T1110,2.3
T1078.004,8.3.2
T1040,8.3.2
T1530,8.3.2
T1136.003,8.3.2
T1136,8.3.2
T1110.004,8.3.2
T1110.003,8.3.2
T1110.002,8.3.2
T1110.001,8.3.2
T1110,8.3.2
T1098.001,8.3.2
T1098,8.3.2
T1078.004,8.3.1
T1040,8.3.1
T1530,8.3.1
T1136.003,8.3.1
T1136,8.3.1
T1110.004,8.3.1
T1110.003,8.3.1
T1110.002,8.3.1
T1110.001,8.3.1
T1110,8.3.1
T1098.001,8.3.1
T1098,8.3.1
T1552,11.2.1
T1189,11.2.1
T1190,11.2.1
T1552,6.2
T1552,11.2
T1498,11.2
T1552.001,10.7
T1552,10.7
T1040,10.7
T1562.008,10.2
T1562.008,10.3
T1562.008,10.7
T1562.008,10.4
T1552.005,10.4
T1552,10.4
T1190,10.4
T1204,1.1.6
T1566,1.1.6
T1189,1.1.6
