T1189,KOS-02
T1189,RB-05
T1190,RB-05
T1190,RB-21
T1190,RB-22
T1190,IDM-01
T1190,KOS-01
T1190,RB-23
T1566,KOS-02
T1566,RB-05
T1566,HR-03
T1566,RB-23
T1199,IDM-01
T1199,RB-23
T1078.001,IDM-11
T1078.004,IDM-11
T1078.004,HR-03
T1078.004,IDM-01
T1078.004,IDM-08
T1204.003,HR-03
T1204.003,KOS-01
T1098.001,IDM-01
T1098.001,IDM-08
T1098.001,RB-23
T1098.004,IDM-01
T1098.004,IDM-02
T1098.004,RB-22
T1136.003,IDM-01
T1136.003,IDM-08
T1136.003,RB-23
T1525,IDM-01
T1525,HR-03
T1562.001,IDM-01
T1562.001,IDM-06
T1562.007,IDM-01
T1562.007,IDM-06
T1562.008,IDM-01
T1562.008,IDM-06
T1550.001,KRY-02
T1550.001,IDM-12
T1110.001,IDM-01
T1110.001,IDM-08
T1110.001,IDM-11
T1110.001,RB-22
T1110.002,IDM-08
T1110.002,IDM-11
T1110.003,IDM-01
T1110.003,IDM-08
T1110.003,IDM-11
T1110.004,IDM-01
T1110.004,IDM-08
T1110.004,IDM-11
T1110.004,RB-22
T1040,IDM-01
T1040,IDM-08
T1528,HR-03
T1528,IDM-12
T1528,IDM-01
T1552.001,HR-03
T1552.001,IDM-01
T1552.001,IDM-11
T1552.005,RB-22
T1552.005,RB-23
T1087.004,IDM-01
T1580,IDM-01
T1538,IDM-01
T1538,IDM-12
T1526,IDM-01
T1046,RB-22
T1046,RB-23
T1046,IDM-12
T1040,KRY-02
T1119,KRY-02
T1119,KRY-03
T1530,IDM-01
T1530,IDM-08
T1530,RB-23
T1530,KRY-03
T1537,IDM-01
T1537,IDM-11
T1537,KOS-03
T1531,IDM-06
T1531,IDM-12
T1485,RB-06
T1486,RB-06
T1491.002,RB-06
T1499.002,KOS-01
T1499.003,KOS-01
T1499.004,KOS-01
T1498.001,KOS-01
T1498.002,KOS-01
T1496,RB-22
T1496,RB-23
